rank,Youtuber,subscribers,video views,video count,category,started
1,Tsuriki Show,25200000,33422359320,3207,Entertainment,2019
2,Kidibli (Kinder Spielzeug Kanal),23100000,11654098216,1049,Entertainment,2015
3,Kurzgesagt ‚Äì In a Nutshell,21200000,2460150095,192,Education,2013
4,HaerteTest,19700000,3256176112,1408,Science & Technology,2011
5,Talking Angela,12900000,3711633223,240,Entertainment,2014
6,Ice Cream Rolls,12300000,1627977227,2099,Entertainment,2011
7,FAMILY BOOMS,11900000,12741044630,1318,Entertainment,2021
8,Pamela Reif,9730000,1801565124,244,Howto & Style,2013
9,freekickerz,8620000,2423912869,1596,Sports,2010
10,Ameer Bros,8430000,1631623676,289,Entertainment,2018
11,German Spidey,7720000,8541011512,1246,Comedy,2021
12,Rammstein Official,7670000,5247703406,151,Entertainment,2015
13,The Voice Kids,7610000,2370513443,1350,Entertainment,2013
14,Noel Robinson,7580000,4897229752,1477,Entertainment,2015
15,COLORS,6930000,2634880288,868,Music,2016
16,EugenBro,6630000,2350523300,1341,Gaming,2015
17,TikTokTunes,6360000,4051646882,948,Music,2019
18,TheFatRat,6330000,1896982406,102,Music,2011
19,Zedd,6180000,3334873522,163,Music,2010
20,BibisBeautyPalace,5830000,2877119517,943,Howto & Style,2012
21,Ali Omar,5650000,660269511,839,Entertainment,2018
22,Unique Vibes,5640000,3328075130,1069,Music,2016
23,CloudKid,5330000,2883647735,2591,Entertainment,2013
24,Paluten,5100000,4963650350,7596,Gaming,2012
25,DW Documental,5010000,1174326439,550,People & Blogs,2017
26,Gronkh,4950000,3787755764,15720,Gaming,2006
27,DW News,4770000,2087274459,31757,News & Politics,2007
28,nadinebreaty,4630000,3430739901,1238,,2014
29,Essen Rezepte,4570000,855546712,474,People & Blogs,2020
30,Free Documentary,4520000,1056400708,704,Entertainment,2013
31,ProsafiaGaming,4430000,4482120732,2011,Gaming,2010
32,KinoCheck.com,4410000,3523058278,5778,Entertainment,2014
33,Scorpions,4410000,3013488608,479,Entertainment,2008
34,ArkivaShqip,4400000,7190408321,8806,Entertainment,2009
35,growingannanas,4190000,1917583882,749,Sports,2017
36,Craftronix,4180000,1329942876,371,Film & Animation,2013
37,Bundesliga,4180000,1865265061,8879,Sports,2006
38,Simon Desue,4180000,833872596,704,Entertainment,2009
39,Calisthenicmovement,4170000,506414715,330,Sports,2012
40,Mohamad Gowani ŸÖÿ≠ŸÖÿØ ÿ¨ŸàÿßŸÜŸä,4120000,161546867,174,Entertainment,2016
41,FilmSelect Trailer,4060000,1987549454,1622,Entertainment,2016
42,Dagi Bee,3930000,1067313363,652,Howto & Style,2012
43,Fox Family - Official Channel,3920000,1090857511,835,Entertainment,2014
44,TheKAIRI78,3920000,1438912600,4494,Gaming,2011
45,DW Espa√±ol,3800000,2020942182,38095,News & Politics,2012
46,GermanLetsPlay,3720000,2606054820,6902,Gaming,2010
47,Freshtorge,3720000,1632280440,913,Comedy,2009
48,ungespielt,3720000,2148077597,4861,Gaming,2012
49,FC Bayern M√ºnchen,3660000,1505732369,5521,Sports,2006
50,Robin Schulz,3660000,3966921254,373,Music,2011
51,Ikram Bellanova,3650000,480277627,400,Howto & Style,2011
52,ApeCrime,3580000,1151782749,700,Entertainment,2011
53,Mascha und der B√§r,3560000,1472453881,1098,Shows,2016
54,Family Bros,3540000,794438300,33,Entertainment,2019
55,BBlocks,3490000,1033717463,143,Gaming,2019
56,EUROPA Kinderprogramm,3470000,1393048149,355,Film & Animation,2010
57,50K TIT TIT,3460000,67705008,12,Entertainment,2010
58,Keluarga Bahagia Di Jerman,3380000,623669385,823,People & Blogs,2013
59,rewinside,3360000,2051053767,4896,Gaming,2013
60,iCrimax,3350000,1819660824,3130,Gaming,2013
61,Standart Skill,3340000,1949070825,3378,Gaming,2013
62,MERO,3330000,1357323990,37,People & Blogs,2018
63,Hausgemachte Rezepte,3320000,574758314,455,People & Blogs,2020
64,AirwaveMusicTV,3280000,1261506362,3799,Music,2011
65,Felix von der Laden,3210000,1450728301,3968,Gaming,2011
66,ClayClaim,3150000,469102503,495,Entertainment,2015
67,FunChannel,3080000,2389315645,920,Sports,2016
68,marsgizmo,3070000,3947876567,498,Entertainment,2018
69,Nuclear Blast Records,3070000,3035754363,6604,Music,2006
70,MurkXtreme Shorts,3070000,2262584624,234,Entertainment,2020
71,JoergSprave,3020000,543533484,1117,Science & Technology,2008
72,BUSHIDO,2980000,1611614434,241,Entertainment,2005
73,BangerChannel,2980000,2066402478,838,Entertainment,2010
74,MontanaBlack,2960000,334079577,375,People & Blogs,2009
75,Elif Karaman,2930000,615169308,306,Entertainment,2014
76,JONAS,2880000,863994633,1157,Entertainment,2011
77,Mayapolarbear,2860000,507205232,208,Pets & Animals,2018
78,Shirin David,2840000,513889500,156,Entertainment,2014
79,LeFloid,2790000,743016466,1265,Entertainment,2007
80,unsympathischTV,2780000,670591774,589,Entertainment,2014
81,SpontanaBlack,2760000,915080951,1356,Gaming,2013
82,asmr zeitgeist,2760000,619182807,279,Entertainment,2015
83,Like Nastya DE,2760000,909564654,532,Entertainment,2019
84,Fritz Meinecke,2750000,317175633,673,People & Blogs,2014
85,inscope21,2730000,624532172,1356,Entertainment,2010
86,RC RC RC!!!,2660000,1124399199,1841,People & Blogs,2016
87,CrhymeTV,2650000,1877411943,162,Entertainment,2008
88,HandOfBlood,2650000,1046460931,2214,Gaming,2010
89,DieLochis,2640000,1061543315,651,Entertainment,2011
90,Arazhul,2640000,3185709300,3581,Gaming,2012
91,AviveHD,2590000,1038778776,2978,Gaming,2012
92,urbanamadei,2580000,851028300,645,Sports,2006
93,xKito Music,2570000,2335550474,1994,Music,2006
94,URBAN DANCE CAMP,2560000,524316589,223,Education,2010
95,Dhruv Rathee Shorts,2490000,1098176189,235,People & Blogs,2022
96,SRS-RC,2490000,924009019,1196,Autos & Vehicles,2015
97,iBlali,2490000,672606889,468,Entertainment,2011
98,Julia Beautx,2480000,557086428,474,Howto & Style,2013
99,PietSmiet,2470000,3449154078,26975,Entertainment,2007
100,3D VR 360 VIDEOS,2470000,814843486,300,Gaming,2015
101,Kelvin und Marvin,2460000,1300203219,1197,Entertainment,2016
102,JP Performance GmbH,2430000,1463183390,2125,Autos & Vehicles,2012
103,MySpass Stand-up,2420000,1007262634,3433,Entertainment,2009
104,Leon Mach√®re,2400000,665137516,298,Entertainment,2011
105,Frische Rezepte,2390000,432505325,551,People & Blogs,2021
106,ŸäŸàÿ≥ŸÅ ÿßŸÑÿµÿØŸëŸäŸÇ / Prophet Joseph,2340000,0,0,Film & Animation,2018
107,Gesund und schnell,2320000,519643854,746,People & Blogs,2021
108,ViralBe,2320000,308508639,1286,Pets & Animals,2011
109,FiRiWiTTi,2320000,132606319,543,Gaming,2014
110,Made My Day,2320000,1215337984,1686,Entertainment,2013
111,Khalid Alnaimi ÿÆÿßŸÑÿØ ÿßŸÑŸÜÿπŸäŸÖŸä,2310000,413133704,464,Comedy,2016
112,DieAussenseiter,2310000,526069842,286,Entertainment,2008
113,Rapid Liquid,2280000,1014890851,444,Pets & Animals,2016
114,Rebekah Wing,2280000,1246218250,1220,Entertainment,2014
115,Trymacs,2260000,1253444952,3669,Gaming,2016
116,ApeCrimeTV,2230000,785007650,1225,Entertainment,2011
117,Yalla Gang,2230000,750660,2,Entertainment,2011
118,Lecker schnell,2200000,735095889,879,Education,2020
119,Emrah,2190000,0,0,Education,2011
120,Markey,2130000,605377348,1574,Entertainment,2012
121,Jeremy Fragrance,2130000,288542011,456,People & Blogs,2014
122,Dinge Erkl√§rt ‚Äì Kurzgesagt,2130000,255536972,133,Education,2014
123,Aysha Siddika,2130000,388112160,707,Howto & Style,2015
124,LatinNow,2130000,2070514501,1029,Music,2019
125,Animenz Piano Sheets,2130000,510345763,222,Entertainment,2010
126,wie man kocht,2130000,394770722,699,People & Blogs,2020
127,Dhruv Rathee Vlogs,2110000,337489300,203,People & Blogs,2020
128,Schnelle Rezepte,2100000,364202515,1082,Howto & Style,2020
129,Trimix,2090000,344372122,455,Gaming,2016
130,ÿπÿßÿ¶ŸÑÿ© ÿ¥ÿßÿØŸà SE Family,2090000,68375021,90,Entertainment,2012
131,Little Baby Bum Deutsch,2080000,838212829,1197,Education,2014
132,Sallys Welt,2070000,671592133,1857,Howto & Style,2011
133,Gewitter im Kopf - Leben mit Tourette,2070000,336279645,437,People & Blogs,2015
134,DW Documentary Ÿàÿ´ÿßÿ¶ŸÇŸäÿ© ÿØŸä ÿØÿ®ŸÑŸäŸà,2070000,320091049,853,Education,2018
135,Joey's Jungle,2060000,889054863,483,Entertainment,2008
136,MrWissen2go,2050000,356210821,795,Education,2012
137,mr bundesteam,2050000,627267167,182,Sports,2014
138,viele Rezepte,2040000,375970187,228,People & Blogs,2020
139,CrispyRob,2030000,362249068,314,Entertainment,2015
140,Benx,2020000,2651302374,4925,Gaming,2014
141,H2O - just add water,2010000,868370352,789,Film & Animation,2013
142,Die Crew,2010000,939500738,1098,Gaming,2016
143,makoccino,2000000,170854571,415,Howto & Style,2011
144,Dima,1990000,309785121,533,People & Blogs,2005
145,DW –Ω–∞ —Ä—É—Å—Å–∫–æ–º,1970000,1124062897,15606,News & Politics,2010
146,KELLY //missesvlog,1960000,424400820,744,People & Blogs,2010
147,AGGRO.TV,1960000,1611831710,3351,Entertainment,2006
148,Liebscher & Bracht | Die Schmerzspezialisten,1950000,342924950,1335,Sports,2015
149,MASMAVƒ∞3üîπMUTFAKTA,1920000,453976368,570,Howto & Style,2015
150,Sturmwaffel,1910000,668978659,4772,Gaming,2013
151,Her 86m2,1910000,115468722,141,,2020
152,MNcompsJR,1890000,142513167,101,Sports,2015
153,Sarazar,1890000,616626801,4393,Gaming,2010
154,moviemaniacsDE,1880000,2211016903,10012,Entertainment,2008
155,Jay & Arya,1880000,575894149,548,People & Blogs,2011
156,GreatScott!,1870000,279015139,438,Science & Technology,2013
157,LukasBS,1850000,823976534,1875,Gaming,2018
158,Oggy und die Kakerlaken,1850000,863186798,1639,Entertainment,2019
159,Patrik Pietschmann,1850000,546488282,105,Music,2013
160,DestructionNation,1840000,677204454,837,Gaming,2012
161,Feuerwehrmann Sam,1820000,1173873169,1561,Film & Animation,2016
162,Digster Pop Music,1820000,1095281389,834,Entertainment,2014
163,Milky Chance Official,1820000,1738978479,346,Entertainment,2012
164,Melina Sophie,1810000,1016055,1,Entertainment,2013
165,Easy German,1800000,180836416,1009,Education,2015
166,Livani's Studio,1800000,602618038,112,Film & Animation,2013
167,Peppa Pig Deutsch - Offizieller Kanal,1800000,1903216944,1291,Film & Animation,2015
168,ViscaBarca,1790000,417896427,1019,Entertainment,2011
169,Hurra Kinderlieder,1780000,1545929221,137,Entertainment,2014
170,Reggaeville,1770000,686399169,8815,Entertainment,2008
171,Rodina üá©üá™üáÆüá∂,1760000,320804344,629,Howto & Style,2016
172,xLaeta,1760000,346208658,928,People & Blogs,2013
173,rezo,1750000,192499769,48,Entertainment,2015
174,Leckere Minute,1750000,315080060,466,People & Blogs,2020
175,Filmbilder & Friends,1750000,596208794,208,Film & Animation,2007
176,Mexify,1730000,323389121,390,Gaming,2012
177,Disney Channel Deutschland,1730000,1356219091,5739,Entertainment,2009
178,HooplaKidz Deutsch - Kinderlieder auf Deutsch,1720000,9285252,549,Education,2014
179,Lehrerschmidt,1720000,246092343,1826,Education,2012
180,Paola Maria,1720000,161350156,196,People & Blogs,2013
181,Modern Talking TR,1720000,15422959,19,Music,2011
182,DER SPIEGEL,1710000,1723986027,10285,People & Blogs,2006
183,HeyMoritz,1710000,681397087,1335,Entertainment,2012
184,DVB TV News,1710000,826205374,89302,News & Politics,2010
185,LIONTTV,1700000,318151530,819,Comedy,2011
186,SlivkiShow DE,1700000,412080620,404,Entertainment,2015
187,ProgrammingKnowledge,1690000,274671149,3486,Education,2012
188,WELT Nachrichtensender,1690000,2915367403,59202,Pets & Animals,2011
189,Jindaouis,1690000,390825428,190,People & Blogs,2019
190,TheOftler,1670000,328570007,987,People & Blogs,2011
191,The Real Life Guys,1660000,277921507,189,People & Blogs,2016
192,WB Kids Deutschland,1650000,763923475,702,Film & Animation,2019
193,The Great War,1650000,307993346,773,Education,2014
194,Captain Joe,1650000,214915459,364,Science & Technology,2014
195,Rezo ja lol ey,1650000,401653044,176,People & Blogs,2018
196,GKAY,1640000,73547743,330,People & Blogs,2013
197,Nickelodeon Deutschland,1620000,1302122327,2277,Entertainment,2012
198,TopZehn,1620000,493488578,645,Education,2012
199,LukeMockridgeTV,1610000,927771843,1496,Entertainment,2014
200,RC LIVE ACTION,1610000,888969756,3255,Entertainment,2007
201,TEAM KUKU,1600000,750310734,76,Music,2016
202,Varion,1590000,450299210,582,Comedy,2014
203,Sky Sport DE,1590000,699654356,6415,Sports,2009
204,Sensual Musique,1590000,529533941,1910,Music,2014
205,5 Minuten Tricks SPIEL,1580000,880786998,4928,People & Blogs,2018
206,Paul van Dyk,1580000,577460026,960,Entertainment,2006
207,5-MINUTEN-TRICKS,1560000,457846638,5383,Howto & Style,2017
208,BastiGHG,1560000,680513602,1449,Gaming,2014
209,BILD,1560000,2736256124,28599,News & Politics,2014
210,Clever Zone,1550000,830536928,902,,2022
211,Farina Jo,1550000,346298653,317,Entertainment,2016
212,ESL Counter-Strike,1530000,415269859,2823,Gaming,2016
213,En Pocas Palabras ‚Äì Kurzgesagt,1530000,108113363,73,Education,2019
214,WiederDude Tutorials,1530000,189455600,144,Gaming,2010
215,Sami Slimani,1520000,83610259,183,Howto & Style,2009
216,SONNENSEITE,1510000,620388301,6560,People & Blogs,2017
217,Domtendo,1510000,2419929740,10931,Gaming,2007
218,V√†nh Khuy√™n L√™,1500000,504086293,998,Howto & Style,2016
219,LPmitKev,1500000,0,0,Gaming,2011
220,Little Angel Deutsch - Kinderlieder,1500000,1074662768,579,Entertainment,2019
221,coldmirror,1500000,458477573,474,Comedy,2006
222,GameStar,1490000,1325083414,9197,Gaming,2009
223,Fox Family Star,1490000,441794055,659,People & Blogs,2016
224,26Solmates magic,1490000,229469483,123,Science & Technology,2016
225,Danny Jesden,1490000,1026558041,4454,Gaming,2013
226,WildLens by Abrar,1480000,269514363,417,Travel & Events,2008
227,Kids Tv Deutschland - Deutsch Kinderlieder,1480000,836931469,1566,People & Blogs,2014
228,RedSama,1480000,490743,1,Gaming,2014
229,Grjngo - Western Movies,1470000,720880972,619,Film & Animation,2017
230,leckere K√ºche,1470000,295982368,429,People & Blogs,2020
231,El Margo,1470000,460745839,1798,Entertainment,2012
232,RayFox,1470000,438775128,598,Entertainment,2016
233,GRIP - Das Motormagazin,1470000,885186772,932,Autos & Vehicles,2013
234,HD1080ide,1460000,894943355,429,,2010
235,Hacks von Panda,1460000,381148918,523,Howto & Style,2018
236,Mario G. Klau,1460000,458636140,397,Music,2016
237,Netzkino,1440000,355906348,3541,Film & Animation,2010
238,maiLab,1440000,132737966,188,People & Blogs,2016
239,Bonnytrash,1440000,381333957,907,People & Blogs,2015
240,Kontra K,1440000,992359952,148,Entertainment,2014
241,Samra,1430000,1005622098,98,Music,2019
242,Tokio Hotel,1420000,525407363,412,Music,2007
243,Gnu,1420000,428828938,1613,Gaming,2015
244,World Wide Wohnzimmer,1410000,577430874,1891,Entertainment,2010
245,Klinik am S√ºdring,1410000,1229559599,4287,Entertainment,2017
246,ZDF heute-show,1410000,761639920,1330,Comedy,2016
247,Leckerer Kanal,1400000,248647899,363,People & Blogs,2021
248,JuliensBlogBattle,1400000,848510636,912,Entertainment,2012
249,Uyen Ninh,1390000,1870694081,395,,2021
250,tagesschau,1390000,1139182144,21717,News & Politics,2006
251,ASMR Miss Mi,1390000,592351841,1101,Entertainment,2019
252,Nico Rosberg,1390000,148984732,669,Autos & Vehicles,2011
253,Mert Abi,1390000,327766768,233,Entertainment,2011
254,Katja Krasavice,1390000,3745,1,Entertainment,2014
255,Immer Appetitlich,1390000,225736092,628,People & Blogs,2021
256,Promiflash,1380000,91021129,3138,Entertainment,2010
257,SparkofPhoenix,1380000,653491079,8375,Gaming,2010
258,Younes Jones,1380000,481008140,311,Comedy,2017
259,Alphastein,1380000,856841613,2129,Gaming,2016
260,LiDiRo,1380000,408673800,346,Film & Animation,2015
261,Brownies,1370000,318764539,546,Entertainment,2014
262,flyinguwe,1370000,389066678,1437,Sports,2007
263,LauraJoelle,1370000,304502195,543,Howto & Style,2011
264,Niki Nihachu,1360000,35022273,52,Gaming,2020
265,schnelle K√ºche,1350000,331768593,835,People & Blogs,2020
266,Hey Aaron!!!,1350000,412790818,584,Entertainment,2013
267,Familie Hauser,1340000,1987299902,909,Film & Animation,2015
268,Learn German,1340000,93777784,761,,2016
269,LeKoopa,1340000,851502999,1598,Gaming,2012
270,vipmagazin,1340000,1499930448,9640,Film & Animation,2007
271,Song des Tages,1330000,1229956603,2179,Entertainment,2010
272,ALPHA MUSIC EMPIRE,1310000,314169871,204,Entertainment,2013
273,TalkToHand,1310000,232742854,526,Gaming,2015
274,Wasim Oughli,1300000,96432149,86,People & Blogs,2018
275,SPACE FROGS,1300000,835417635,1246,People & Blogs,2011
276,#Mentale Zuflucht,1300000,850597108,1331,Entertainment,2016
277,Simplicissimus,1300000,276870671,359,People & Blogs,2015
278,Gita Savitri Devi,1290000,119481241,512,People & Blogs,2009
279,Su Vlogs,1290000,634506,59,People & Blogs,2011
280,proownez,1280000,259596610,1229,Gaming,2012
281,Selfmade Records,1270000,806444789,396,Entertainment,2006
282,ELoTRiX,1270000,93057941,97,Gaming,2012
283,Johnny Hand,1270000,504231124,1742,Entertainment,2016
284,Schneller Koch,1260000,375045734,587,,2020
285,maudado,1260000,449221492,3181,Gaming,2012
286,Auf Streife,1250000,1264800231,5297,Entertainment,2017
287,querly,1250000,165216975,371,Autos & Vehicles,2007
288,Echtso,1250000,874984196,1602,Entertainment,2013
289,MAX,1250000,279397653,875,Entertainment,2013
290,FUNK 4.0,1250000,239207516,2434,People & Blogs,2017
291,M7moud Royal,1240000,54161850,71,Gaming,2016
292,WannaBe,1240000,487843046,801,Gaming,2018
293,Muhammed Kue - ŸÖÿ≠ŸÖÿØ ŸÉŸäŸà,1240000,100576884,293,Comedy,2016
294,izzi,1240000,270300075,1380,Gaming,2013
295,Coco der Neugierige Affe,1240000,557078313,999,Film & Animation,2018
296,C4D4U,1240000,1691497803,343,Film & Animation,2014
297,Finnel,1240000,812276014,445,People & Blogs,2016
298,Skech Art,1230000,92240599,489,Howto & Style,2007
299,Team Paluten,1230000,551133505,1769,Gaming,2014
300,Alles Ava,1230000,903611042,1357,Entertainment,2015
301,JUcktmichnicht,1220000,440641908,699,People & Blogs,2020
302,Team Harrison,1220000,356069658,473,Entertainment,2015
303,TopWelt,1220000,554815644,1881,Entertainment,2015
304,ChiChi Family,1220000,230165562,275,Entertainment,2014
305,LarsOderSo,1200000,632402396,3008,Gaming,2013
306,edafoxx ASMR,1200000,392166958,864,Entertainment,2019
307,Bigtime - Free Movies,1200000,175712135,628,Film & Animation,2016
308,WildBrain Deutsch,1200000,407420895,2948,Film & Animation,2017
309,TUBERIDES,1200000,1103219278,4359,Entertainment,2009
310,LOGO,1200000,592810979,1042,Gaming,2012
311,Mercedes-AMG Petronas Formula One Team,1190000,324904586,1767,Sports,2011
312,IDzock,1180000,590952162,2252,Gaming,2013
313,Zig und Sharko,1180000,453351048,642,Entertainment,2019
314,InscopeLifestyle,1180000,245448838,834,People & Blogs,2014
315,Finanzfluss,1180000,154455103,702,Education,2015
316,Moonbug Kids - Deutsch,1180000,292961006,1255,Entertainment,2017
317,Kenhub - Learn Human Anatomy,1170000,127135107,742,Education,2011
318,FeelFIFA,1170000,442920341,2881,Gaming,2011
319,Lomby Shorts,1170000,420013140,302,,2021
320,EpicStun,1170000,1199992045,2654,Gaming,2013
321,Joyce,1170000,241047980,449,Entertainment,2013
322,STRG_F,1170000,308323633,292,Film & Animation,2017
323,HandOfUncut,1170000,469899239,1554,Gaming,2015
324,Ischtar Isik,1170000,247525106,829,Howto & Style,2010
325,tomatolix,1170000,174213154,193,Entertainment,2010
326,Mr Hanan,1170000,60171266,130,,2014
327,A.B.K,1160000,293064199,535,People & Blogs,2007
328,Phil Laude,1160000,328798371,320,Comedy,2015
329,Taddl,1160000,68093703,199,Gaming,2009
330,NDR Doku,1160000,522541520,1199,News & Politics,2005
331,Mexify Games,1160000,222864817,440,Gaming,2018
332,Watch Movies Now!,1160000,158836762,465,Film & Animation,2016
333,Till Lindemann,1150000,303097774,19,Music,2020
334,Battle.Royaleclips,1150000,115274674,277,,2020
335,Olgas K√ºche,1150000,411972788,330,,2021
336,Mamiseelen,1150000,894641418,1538,Howto & Style,2012
337,Caillou Deutsch - WildBrain,1150000,759948283,2041,Film & Animation,2016
338,SurvivalMattin,1150000,199693719,344,Entertainment,2012
339,unge,1140000,0,0,Entertainment,2014
340,STRENGTH WARS,1140000,204763803,148,Sports,2012
341,Nahim Sky,1130000,185455754,225,Entertainment,2012
342,Schnell Lecker,1130000,351618081,1279,People & Blogs,2020
343,Rizlane Cook Officiel,1130000,132478545,913,Education,2016
344,Mustihaft,1120000,171893175,282,People & Blogs,2016
345,KamuiCosplay,1120000,191575046,342,Education,2006
346,Spiel mit mir,1120000,624058286,3303,Entertainment,2014
347,IsyCheesy,1120000,1109036128,2247,Gaming,2017
348,Macrame School,1110000,141237145,978,Howto & Style,2012
349,Persian Music Group,1110000,908450651,4043,Music,2018
350,Tamil TV,1110000,206000708,5964,Film & Animation,2014
351,KuchenTV,1110000,450432114,1192,Entertainment,2011
352,Renzo,1110000,303622547,406,Entertainment,2021
353,extra 3,1100000,1285558430,4489,News & Politics,2014
354,MRS. BELLA,1100000,160525345,324,Entertainment,2014
355,Danergy,1100000,203584608,883,Comedy,2013
356,Ÿàÿ≥ÿßŸÖ ÿßŸÑÿ±ÿ®ŸäÿπŸä - Wissam Al-Rubaie,1100000,1552592,41,People & Blogs,2018
357,Herzhaft und lecker,1100000,189451572,315,People & Blogs,2021
358,TANZVERBOT,1100000,267206064,722,Gaming,2014
359,Y-Kollektiv,1100000,340419527,370,People & Blogs,2016
360,Cargospotter,1090000,578316363,1076,Science & Technology,2011
361,Sirloin,1090000,947559127,7038,Gaming,2016
362,Fatih's Welt,1090000,194647999,96,Entertainment,2015
363,Kojo,1090000,216263438,133,Entertainment,2013
364,Alle Rezepte,1090000,265276348,470,People & Blogs,2020
365,Fritz Meinecke - Live,1080000,301239404,1265,Entertainment,2020
366,itsAssiTV,1080000,200515785,304,People & Blogs,2014
367,ZwebackHD,1080000,392573301,3631,Gaming,2013
368,GamerBrother,1070000,549533357,3376,Gaming,2012
369,KinderKlubTV,1070000,816801122,803,Education,2014
370,–ú–∏—Å—Å–∏—è Dawah,1070000,172743538,854,Nonprofits & Activism,2016
371,puuki,1070000,345380054,1965,Gaming,2015
372,Einfache Rezepte,1060000,168655211,360,Howto & Style,2021
373,Moji,1060000,184704177,433,Entertainment,2017
374,–ó–∞–ø–æ–≤–µ–¥–Ω–∏–∫,1060000,255893439,1605,Entertainment,2017
375,DJ Noize,1050000,284190896,319,,2011
376,ClashGames,1050000,430058067,2936,Gaming,2015
377,GalaxyMusic,1040000,629923844,1805,Entertainment,2012
378,Terra X Lesch & Co,1030000,214161862,431,Science & Technology,2015
379,Yummy Food World,1030000,147192442,275,Entertainment,2016
380,Krass Schule - Die jungen Lehrer,1030000,681678851,946,Entertainment,2018
381,docm77,1030000,212831768,4015,Gaming,2006
382,ŸÖÿ∑ÿ®ÿÆŸÜÿß ÿßŸÑÿ¥ÿßŸÖŸä,1020000,106901420,590,People & Blogs,2017
383,relaxdaily,1020000,321705969,396,Music,2011
384,Sabine Hossenfelder,1020000,103402453,334,Science & Technology,2007
385,Linh Vyy Official,1020000,268359389,349,Entertainment,2019
386,Schnell Lecker Kochen,1020000,134389520,579,People & Blogs,2020
387,AlexV,1020000,236613620,1215,Entertainment,2013
388,dynmk,1020000,569994279,2491,Music,2010
389,LostHistorie,1020000,280437815,1275,,2021
390,ÿßŸÖÿ¨ÿØ Ÿà ŸÅÿ±ÿ≠ Amjad & Farah Family,1010000,49817617,171,Entertainment,2018
391,DAVE,1010000,114711708,203,Entertainment,2013
392,Gong Bao,1010000,231805222,182,People & Blogs,2012
393,Terra X History,1010000,313244619,634,Science & Technology,2016
394,LUCREW,1010000,296437316,668,People & Blogs,2019
395,16BARS,1010000,648062402,2670,Entertainment,2008
396,Krench Royale,1000000,282558040,888,Gaming,2018
397,Justine Leconte officiel,1000000,108494645,309,Howto & Style,2015
398,TuToTV,1000000,198071382,867,Science & Technology,2012
399,Marvyn Macnificent,1000000,198066041,362,Howto & Style,2014
400,Wakez,1000000,321270441,2066,Gaming,2015
401,MaroWeltShow,1000000,268884837,3032,Nonprofits & Activism,2011
402,Kay One,999000,491991693,139,Entertainment,2011
403,Elda Wichmann,994000,140393525,880,People & Blogs,2010
404,Sophia Thiel,993000,176356322,554,Sports,2014
405,ZDFheute Nachrichten,993000,756499268,5204,News & Politics,2019
406,Aroma,988000,0,0,,2022
407,TheOftlerer,985000,218450036,1236,People & Blogs,2011
408,Cheng,983000,158150134,541,Entertainment,2009
409,WUMMS,982000,841688007,492,People & Blogs,2016
410,Mert Matan,982000,169312790,605,Entertainment,2010
411,BeardBear,980000,865599959,3354,Gaming,2015
412,communiTV,976000,339741536,1637,,2018
413,–Ø –ª—é–±–ª—é —Ç–µ–±—è –∂–∏–∑–Ω—å - lch liebe dich Mein Leben!,974000,125795584,2007,People & Blogs,2016
414,AJay Deluxe,973000,121293108,230,Entertainment,2017
415,The Wineholics,969000,88332330,200,People & Blogs,2015
416,Ah Nice,965000,194820453,324,Entertainment,2015
417,HATICE MAZI,959000,287758494,692,Howto & Style,2015
418,Krass Klassenfahrt,958000,272462222,347,People & Blogs,2019
419,ohBrox,956000,278330394,1776,Gaming,2016
420,Tom Shuffle,953000,305651515,800,Gaming,2011
421,CanBroke,945000,154112156,380,Entertainment,2012
422,KiKA von ARD und ZDF,942000,78355598,992,Entertainment,2014
423,Lava&Sherin TV ŸÑÿßŸÅÿß Ÿà ÿ¥Ÿäÿ±ŸäŸÜ,940000,245032,38,People & Blogs,2014
424,idiallo 224,940000,1522609250,1821,Music,2016
425,Papy & Pepy,938000,443370,8,Entertainment,2015
426,MercBenzKing,938000,302555678,595,Autos & Vehicles,2015
427,Learn German with Anja,937000,73093080,442,Education,2014
428,Thomas Kr√ºger ‚Äì Mr. Pianoman,934000,214408477,522,Music,2009
429,MiiMii,929000,121743570,152,People & Blogs,2013
430,Schnell Lecker Sch√∂n,928000,131656264,513,People & Blogs,2021
431,FIA World Rally Championship,925000,286034246,5305,Sports,2006
432,MILEYS WELT,925000,895870053,1901,Entertainment,2011
433,Tisi Schubech,924000,466321683,2818,Entertainment,2013
434,SYou,923000,246971907,1462,Gaming,2017
435,Lorenz Wiedenmann,922000,123326672,593,Howto & Style,2016
436,DAZN Fu√üball Deutschland,922000,11486118,157,Sports,2017
437,Rick Azas,916000,1059880412,2535,Education,2012
438,HBz,911000,771497921,851,Music,2011
439,G·∫•u tr√∫c ƒê·ªãnh,910000,3183520,100,Science & Technology,2009
440,DoktorWeigl,909000,136103836,1072,Education,2016
441,Late Night Berlin,908000,445373820,834,Entertainment,2018
442,Embassy One,907000,1515119332,628,Entertainment,2008
443,Shenpai,906000,132959019,356,Howto & Style,2012
444,SkennyBeatz Official,904000,309430723,197,Entertainment,2016
445,Mr.Puzzle,904000,217053493,478,Gaming,2016
446,100SekundenPhysik,902000,90992717,96,Education,2012
447,Mavie Noelle,901000,432666799,1117,Howto & Style,2015
448,Mathe by Daniel Jung,900000,385720829,3271,Education,2011
449,Aspin,900000,78138425,31,People & Blogs,2015
450,BEATBOX BATTLE¬Æ,899000,306779831,1693,Entertainment,2007
451,Davis Schulz,899000,252218829,233,Comedy,2010
452,WDR Doku,899000,458643342,507,Entertainment,2017
453,Adventure Buddy,892000,166359699,472,Entertainment,2017
454,Leeroy Matata,888000,74023780,113,People & Blogs,2013
455,Hungriger Hugo,885000,98719283,103,Entertainment,2019
456,DJ BoBo,881000,841811602,820,Music,2007
457,JERYKO,880000,349333631,2717,Entertainment,2016
458,Rammor,879000,258411973,79,,2014
459,Arian,879000,205294179,307,Gaming,2018
460,Thieniboy,877000,1032761827,828,,2022
461,WDR,874000,429920628,1388,Entertainment,2013
462,Dagi & Eugen,874000,51535252,102,Comedy,2014
463,TipTapTube,874000,577674397,1913,Gaming,2012
464,xLL by Lisa & Lena,872000,59025829,53,People & Blogs,2016
465,AgrarBlick,871000,546828239,518,Autos & Vehicles,2009
466,Natallia & Habib: The MixMatch Family,870000,343069670,931,,2020
467,Talha,868000,172794931,176,Entertainment,2017
468,Fun Face Paint,867000,187832805,21,Education,2016
469,"Hilf Mir! Jung, pleite, verzweifelt",865000,791435667,848,Entertainment,2018
470,ÿ´ÿßÿ¶ÿ± TG,863000,23758765,289,Entertainment,2017
471,Spielzeug Wunderland,858000,1068077266,959,Film & Animation,2016
472,Mark Forster,857000,713817167,159,Entertainment,2011
473,Deutschland sucht den Superstar,853000,961330884,1815,Entertainment,2012
474,SPORT1,853000,1220331098,18302,Sports,2006
475,Centex,853000,890829921,2687,Gaming,2015
476,Germany's Next Topmodel,850000,1815057174,3320,Entertainment,2013
477,Faktastisch,848000,209455894,537,Entertainment,2013
478,Estas Tonne,846000,93404749,326,Music,2006
479,Slavik Junge,843000,119123892,190,People & Blogs,2019
480,MGP,842000,189722928,562,Entertainment,2011
481,World War Two,842000,163593591,757,Education,2018
482,Aditotoro Shorts,842000,630838402,476,Comedy,2021
483,Mehr Anzeigen,835000,331856478,1055,Entertainment,2019
484,Held der Steine Inh. Thomas Panke,835000,349345971,1301,Entertainment,2014
485,Bibi & Tina TV,834000,747922358,671,Music,2012
486,Das Supertalent,831000,628056407,984,Entertainment,2008
487,MIRACULOUS - Geschichten von Ladybug und Cat Noir,829000,649712680,711,Film & Animation,2018
488,Mrmobilefanboy,828000,546198425,9882,Gaming,2012
489,Lusor Koeffizient,827000,639894245,8564,Gaming,2013
490,OfficialArdianBujupi,824000,574959247,190,Entertainment,2011
491,Kathi,823000,193744340,962,Howto & Style,2010
492,Alycia Marie,822000,168837068,599,Howto & Style,2008
493,OCB Relax Music,822000,401720635,417,,2009
494,SpongeBOZZ,821000,205100314,71,Entertainment,2013
495,StanPlay,821000,350310612,4297,Gaming,2015
496,"Netflix Deutschland, √ñsterreich und Schweiz",820000,184035467,2964,Entertainment,2014
497,DAZN UEFA Champions League,820000,524944586,1251,Sports,2018
498,Laura Kampf,818000,91681870,411,Howto & Style,2015
499,Mathe - simpleclub,817000,147832275,435,Education,2011
500,DJEkkiMusic,817000,245194120,283,Entertainment,2012
501,Michael Smolik,816000,171684523,462,Sports,2015
502,Volbeat,815000,785828724,52,Entertainment,2013
503,OST BOYS,814000,114508213,224,People & Blogs,2016
504,How2Shirli,813000,946593820,736,People & Blogs,2021
505,BeautxVlogs,813000,109775964,240,People & Blogs,2016
506,Marky,812000,167590889,418,Gaming,2017
507,HYPERBOLE,811000,161601462,349,News & Politics,2013
508,Need To Know,809000,84601148,123,Entertainment,2015
509,FabianMagic,809000,374300217,410,Comedy,2018
510,Abgegrieft,806000,493860303,1894,Entertainment,2013
511,K√∂ln 50667,806000,670858457,1633,Entertainment,2013
512,Kayla Shyx,806000,81772506,127,People & Blogs,2016
513,LinaRode,806000,364946523,131,Entertainment,2016
514,Ruhrpottwache,805000,728433107,3298,Entertainment,2017
515,TopSpeedGermany,805000,208822328,147,Autos & Vehicles,2019
516,DominoKati,804000,159793432,691,Howto & Style,2011
517,SPORT BILD,804000,241354656,7430,Sports,2014
518,ŸÖÿßÿ±ÿØ ÿßŸÑÿπÿ±ÿ®,803000,0,0,Education,2017
519,Simon Will,803000,146742860,649,People & Blogs,2010
520,M√™ M·ª•i,802000,689443777,1317,People & Blogs,2012
521,Einfach und lecker,801000,156575041,726,People & Blogs,2020
522,Pok√©mon Challenges,793000,146484788,522,Gaming,2016
523,Maren Wolf,792000,29148544,127,Howto & Style,2009
524,Mike Singer,789000,198764290,139,Entertainment,2012
525,TheBestCubeHD,789000,176890361,167,Film & Animation,2012
526,NintenU,789000,707554040,4232,Gaming,2012
527,ARD,785000,192594967,2200,News & Politics,2005
528,Malternativ,783000,296251637,1077,Education,2016
529,KinderLernTV,783000,971147489,1188,Film & Animation,2014
530,Anni The Duck,782000,127169525,281,Entertainment,2017
531,annablutube,781000,149707688,52,Music,2010
532,Robert Marc Lehmann - Mission Erde,780000,127591552,440,Travel & Events,2021
533,PARTY ROCKZZ,780000,284059128,469,Entertainment,2012
534,Lecker mit Sophie Mayer,780000,125571222,602,People & Blogs,2020
535,Lena,778000,177699541,294,Entertainment,2015
536,2Bough,776000,323739141,2194,Entertainment,2006
537,PelMen,775000,113398755,67,,2022
538,Iratsch,775000,119004486,313,Entertainment,2013
539,Nekky Natural Remedies,775000,48878767,635,,2018
540,Senioren Zocken,775000,90302136,529,Gaming,2015
541,SidneyEweka,774000,99976910,373,Gaming,2013
542,Debitor,772000,368086951,8725,Gaming,2010
543,Bundeswehr,771000,461622190,3553,News & Politics,2006
544,FaxxenTV,770000,77379842,247,Entertainment,2014
545,Braxic,768000,134453349,614,Gaming,2018
546,Kids TV Channel Deutschland - Deutsch Kinderlieder,768000,273207255,523,People & Blogs,2016
547,Jumanji TM,767000,163781576,312,Entertainment,2016
548,Quarks,764000,164290583,929,Science & Technology,2018
549,diejungs,762000,159578479,718,People & Blogs,2006
550,Marvin,759000,67180134,92,Entertainment,2011
551,Shock Frost,758000,264011490,631,Gaming,2011
552,Taymetic,758000,152069337,575,Entertainment,2017
553,der MMA,757000,470926481,509,Sports,2010
554,–û–õ–ï–ì –í–ò–ù–ù–ò–ö,757000,462404197,108,Music,2011
555,REDEMPTION,757000,482441945,1730,Film & Animation,2022
556,Dner,756000,124726730,1070,Gaming,2016
557,Spass f√ºr Kinder,756000,774553315,832,Education,2014
558,vkgoeswild,754000,228728183,1014,Music,2007
559,Marti Fischer,753000,119575437,350,Entertainment,2007
560,Martin Miller,752000,133015332,226,Music,2006
561,MOB,751000,80417142,60,Gaming,2014
562,TeamFilGer,749000,339985602,773,Entertainment,2020
563,earMUSIC,749000,601610108,1841,Music,2009
564,Alligatoah,746000,473953113,261,Entertainment,2006
565,NIZE,745000,296394474,463,Entertainment,2015
566,RTL,745000,674656846,65260,News & Politics,2008
567,Leckere Gerichte,745000,171520574,620,Education,2021
568,FeelGamingTV,744000,247659234,2735,Gaming,2012
569,Mein Herz schl√§gt Schlager,743000,1179230229,1083,Entertainment,2006
570,AlpaySanti Shorts,741000,556340048,854,People & Blogs,2020
571,DW T√ºrk√ße,739000,271528123,7948,Science & Technology,2011
572,Andre Krieger (CommanderKrieger),734000,187723091,4850,Nonprofits & Activism,2010
573,Team Darkside,734000,296156023,765,Gaming,2013
574,Sportschau,732000,219802415,1775,Sports,2015
575,Admin,732000,0,0,People & Blogs,2016
576,Lindemann - Offiziell,728000,162022227,27,Entertainment,2014
577,Reved,724000,178575002,1041,Gaming,2014
578,LumeXx,722000,230493837,678,Entertainment,2020
579,Tim Gabel,721000,231907743,1033,Entertainment,2013
580,DANCE ENERGY dance studio,720000,189876317,149,Entertainment,2009
581,NebelNiek,719000,158472309,565,Gaming,2013
582,AndyGM en Berl√≠n,718000,42580793,476,People & Blogs,2014
583,Miguel Pablo,716000,40945790,48,Entertainment,2010
584,Papaplatte,715000,120571902,273,Gaming,2014
585,ungefilmt,714000,126871416,230,People & Blogs,2013
586,Fero47,712000,188952310,19,Music,2018
587,Sashka,712000,83026246,252,Entertainment,2015
588,Sonny Loops,710000,177712367,1036,Entertainment,2014
589,MckyTV,709000,193217367,1235,Gaming,2016
590,Sev,708000,367275790,2331,Gaming,2014
591,Souryaz TV,708000,33541010,154,Film & Animation,2018
592,TryReact,706000,321695705,1232,Gaming,2018
593,DW ‡¶¨‡¶æ‡¶Ç‡¶≤‡¶æ,706000,83487746,1488,People & Blogs,2013
594,EHRENPFLAUME,705000,71568368,115,Entertainment,2020
595,Kick11,704000,38372914,417,Sports,2014
596,Vinny Piano,702000,228583738,201,Entertainment,2013
597,Lamiya Slimani,701000,43869290,274,People & Blogs,2009
598,FlorianOnAir,700000,259042497,1622,Entertainment,2011
599,InsecthausTV,699000,363217155,461,Pets & Animals,2012
600,Noel Dederichs Shorts,698000,528775555,564,Comedy,2022
601,Gesundheitsblatt,697000,225588232,1830,Howto & Style,2017
602,Hatice Schmidt,697000,205342212,821,Howto & Style,2011
603,Evanijo,697000,144276237,510,Entertainment,2014
604,Hypnotize Entertainment,695000,506365193,93,Music,2013
605,AltanaBananaTV,694000,9401160,11,Entertainment,2010
606,Sweky Bros,693000,14618815,29,People & Blogs,2011
607,Dark Monkey Music,692000,106263801,410,Music,2011
608,F.CHARM,689000,379941519,131,Music,2012
609,Chimperator Channel,688000,717477132,1020,Entertainment,2007
610,Rundumleuchte1,686000,431612288,3980,Autos & Vehicles,2009
611,Coupleontour,686000,321513702,1214,People & Blogs,2018
612,Electric Callboy,684000,284279094,163,Music,2010
613,Monsterwolf Music,683000,117368249,616,Music,2013
614,BruderSpielwaren,683000,545265917,148,Autos & Vehicles,2012
615,Shayan Garcia,682000,72982956,146,Comedy,2017
616,SCHLAUSCHLEIM SAM,681000,421167075,911,People & Blogs,2018
617,My Name Is Andong,681000,67103414,232,Howto & Style,2009
618,Brox,678000,298540434,1251,Gaming,2020
619,Sneili Sneils,677000,320912513,1377,Gaming,2015
620,ThomasÈòøÁ¶è,675000,131582177,419,Entertainment,2016
621,DoktorFroid,674000,251972841,1432,Gaming,2012
622,TechAltar,671000,73076894,206,Science & Technology,2013
623,FunVideoTV,670000,1122475880,147,Film & Animation,2010
624,Khursheed Rajput,670000,24500709,539,Education,2016
625,Rap Check,670000,416190291,5394,Entertainment,2014
626,Athletic Interest,668000,85028350,112,,2019
627,Nirami,668000,227455143,447,Film & Animation,2012
628,7 vs. Wild,668000,227266552,83,People & Blogs,2023
629,RTL,667000,1034540593,8242,Entertainment,2013
630,Mexify +,667000,107090392,349,Gaming,2020
631,Sahra Wagenknecht,664000,69065821,185,,2019
632,Moonlight Jewel,661000,74566083,148,Entertainment,2016
633,BodyKiss,661000,154137032,1045,Sports,2013
634,Die Frage,659000,151453700,383,People & Blogs,2016
635,Isabeau,657000,372274574,1099,Howto & Style,2013
636,Scooter,657000,371624825,203,Music,2005
637,G2 Esports,656000,134091647,1385,Gaming,2014
638,Blackout,655000,204708298,1435,People & Blogs,2016
639,Goal Deutschland,654000,66981718,2421,Sports,2017
640,Jessie Bluegrey,653000,647084839,370,Film & Animation,2020
641,mirellativegal,652000,181358209,812,Howto & Style,2012
642,Tamil Voice,651000,111063927,3707,Film & Animation,2015
643,Martin Wehrle: Coaching- und Karrieretipps,650000,150539859,1044,People & Blogs,2016
644,Raportagen,650000,76748411,57,Education,2017
645,JamooTv,650000,81869627,209,Music,2016
646,Kinder Cartoons,647000,709642138,1101,People & Blogs,2015
647,Miniatur Wunderland,645000,249322802,604,People & Blogs,2009
648,Cevheri G√ºven,643000,205963566,369,,2015
649,Simex,643000,372750654,1849,Entertainment,2015
650,AK AUSSERKONTROLLE,642000,314578206,31,People & Blogs,2017
651,Chrissi,641000,255233924,726,Entertainment,2018
652,ZDFbesseresser,641000,238033318,397,Education,2013
653,German Football,640000,124625530,797,Sports,2019
654,Stephan Gerick,639000,119235558,478,Entertainment,2011
655,Kikis Kitchen,637000,127969140,809,Howto & Style,2012
656,thisisvoyce,636000,190901172,421,People & Blogs,2009
657,Eligella,636000,166763447,1136,Gaming,2017
658,Maxim,634000,529339362,3609,Gaming,2012
659,K√ºsengsTV,634000,242327621,1018,People & Blogs,2016
660,Aimbrot,634000,166364634,1683,Gaming,2013
661,Gabi Fastner,633000,193541679,3588,Sports,2006
662,justin,631000,111721303,412,People & Blogs,2015
663,Rotpilz,631000,97542508,1194,Gaming,2013
664,Alice Merton,630000,432860009,64,Music,2014
665,ŸÅŸä ÿ≠ŸÉŸÖ ÿßŸÑÿ±ÿ≥ŸàŸÑ,630000,53558259,547,Entertainment,2016
666,54vbz,629000,306111338,743,Entertainment,2014
667,Robert Hofmann,629000,437898403,7464,Entertainment,2011
668,Caroline ASMR,628000,154039275,350,Entertainment,2014
669,DieWolfs,627000,143332725,1011,Travel & Events,2010
670,Daniel Abt,627000,198447624,830,Autos & Vehicles,2010
671,LEA,627000,535134715,324,Entertainment,2007
672,Auto Addiction,624000,306994773,843,Autos & Vehicles,2015
673,PC-WELT,624000,156905676,2547,Science & Technology,2006
674,Dreemtum,624000,502392023,1739,Gaming,2012
675,ADCArtAttack,624000,81559043,346,,2012
676,Gebr√ºder Lange,622000,131200995,326,People & Blogs,2017
677,RuiN Reserve,618000,56881452,212,Gaming,2014
678,Biologie - simpleclub,617000,118165510,299,Education,2014
679,MrTrashpack,617000,144508771,846,Entertainment,2009
680,Sirius,614000,117058618,203,Gaming,2014
681,–£ –ù–∞–¥—é—Ö–∏ –Ω–∞ –∫—É—Ö–Ω–µ,614000,74816501,425,People & Blogs,2015
682,Bares f√ºr Rares,613000,490359286,1401,News & Politics,2006
683,Alicia Joe,612000,51107541,161,Howto & Style,2011
684,Shpetim,611000,600409331,761,Entertainment,2016
685,Dumm T√ºch,611000,143723469,352,Entertainment,2014
686,Jules,611000,30046045,24,Entertainment,2020
687,SmoothMadnezz,609000,24580083,74,Gaming,2017
688,AUTO BILD,609000,564091674,7311,Autos & Vehicles,2006
689,Rocket Beans TV,609000,553092188,10196,Gaming,2012
690,Hashem Al-Ghaili,608000,113027567,479,Science & Technology,2008
691,Khaled Bozan,607000,158171198,2171,Education,2014
692,Kalle,607000,88491154,553,Gaming,2007
693,Ton Ver√§ndert,606000,158483825,1186,Entertainment,2016
694,FifaGoalsUnited,606000,282639652,3277,Gaming,2011
695,LarsLP,605000,291661708,2138,Gaming,2012
696,Meditation & Relaxation - Music channel,604000,50726867,180,Music,2015
697,Mefyou,604000,1749343,10,Entertainment,2015
698,Wisdom for Dominion,603000,60964314,941,People & Blogs,2016
699,Diana zur L√∂wen,602000,125851955,916,Entertainment,2012
700,Mensch Markus,601000,576151852,769,Entertainment,2013
701,Cars Town - Cartoons f√ºr Kinder,600000,173653711,12,People & Blogs,2017
702,Kliemannsland,595000,211451681,453,People & Blogs,2016
703,TPM - Top Persian Music,595000,209276223,5880,Music,2016
704,Breaking Lab,594000,100985066,594,Science & Technology,2016
705,Kinder Welt,593000,279246005,590,Entertainment,2016
706,Spiel mit mir - Apps und Games,593000,466365106,4146,Gaming,2016
707,Der Keller,590000,140527999,1119,Entertainment,2012
708,jannikfreestyle,590000,733066186,3353,Sports,2017
709,Mathias Mester,589000,382988066,260,Sports,2017
710,SecondTry,588000,213203983,1191,Gaming,2020
711,NoHandGaming Benji,587000,208950838,1621,Gaming,2014
712,dattelt√§ter,587000,170892140,491,People & Blogs,2015
713,Mudi,587000,262056922,152,Music,2010
714,Meydan TV,586000,262974708,7758,News & Politics,2013
715,Anne W√ºnsche,585000,142636132,752,Entertainment,2010
716,Julia Lanske,584000,76650428,1210,Education,2012
717,Amar,584000,168528717,1328,Gaming,2014
718,KidMave,582000,234992484,1496,Entertainment,2015
719,Aviencloud,582000,348670470,1117,Music,2013
720,Disney Deutschland,581000,701577974,2356,Film & Animation,2007
721,Folien Prinz,580000,282575023,521,Autos & Vehicles,2017
722,RC TRUCK ACTION,579000,223814276,1200,Autos & Vehicles,2009
723,Azzlackz,579000,331444484,199,Entertainment,2014
724,KAYEF,578000,157250020,419,Entertainment,2009
725,–ì–æ–ª–æ—Å –ì–µ—Ä–º–∞–Ω–∏–∏,578000,68092525,540,Nonprofits & Activism,2012
726,HD Corleone ¬Æ,577000,21548133,76,Music,2010
727,KIS KIS - keep it short,577000,159457696,803,Entertainment,2018
728,Crunkz,576000,90950816,66,Entertainment,2010
729,DW Indonesia,576000,96066216,1760,Science & Technology,2012
730,Flakezc,575000,220425980,1111,Gaming,2017
731,Tages Spiegel,575000,330324791,7733,Entertainment,2017
732,Theresa Kirchner,574000,420787773,966,Entertainment,2016
733,KADR TV,571000,482044169,30,Music,2018
734,Air-Clips.com,571000,192967266,2483,Travel & Events,2011
735,bausashaus,571000,339391010,55,People & Blogs,2016
736,Mainstage,570128,0,0,Entertainment,2012
737,EsKay,569000,169238409,1285,Gaming,2013
738,darkviktory,568000,121919711,422,Comedy,2009
739,Thats.M.E,567000,92247057,559,Howto & Style,2014
740,Dima Rode,565000,868863812,27,People & Blogs,2021
741,Spielzeugtester,565000,759820210,1326,Entertainment,2014
742,Ngoko Tbl,564000,139242619,463,People & Blogs,2017
743,DerSorbus,561000,350842178,13071,Gaming,2010
744,DIY Inspiration,559000,311379585,4863,Howto & Style,2014
745,JONAS SHORTS,559000,765696925,1171,People & Blogs,2021
746,Kuhlewu,558000,88245522,379,Entertainment,2018
747,Shiine Culay,558000,63636366,973,People & Blogs,2015
748,Play & Learn Kids Games,557000,237183624,41,Entertainment,2015
749,WillShorts,557000,203345228,1509,Entertainment,2011
750,Marie Johnson,557000,95572894,591,Entertainment,2009
751,follow me.reports,555000,135319703,293,People & Blogs,2017
752,–ì–æ–ª–æ—Å –ï–≤—Ä–æ–ø—ã,555000,134172315,1036,News & Politics,2018
753,byStegi,554000,56660270,324,Gaming,2012
754,Last Minute Kitchen,554000,88875344,127,Howto & Style,2014
755,Niklas Wilson,553000,49996011,472,Entertainment,2020
756,Mina Rome,552000,54894043,293,People & Blogs,2014
757,SWR Marktcheck,551000,325214828,2196,Howto & Style,2010
758,Gibt's Nicht,550000,180248901,355,People & Blogs,2018
759,BARTMANN,550000,110782017,504,Entertainment,2014
760,Pete Ruppert UNIVERSE,550000,509942548,2995,Autos & Vehicles,2007
761,douniaslimani,549000,39095646,227,Howto & Style,2011
762,Mia and me,549000,335895016,1113,Film & Animation,2012
763,Vitamine,547000,223741151,2445,Gaming,2018
764,Fynn Kliemann,547000,81180309,70,Entertainment,2009
765,WooHoo DE,547000,503883777,1094,Howto & Style,2019
766,MadeMyDay RED,547000,213680040,1141,Entertainment,2014
767,ItsMarvin,545000,149018220,728,People & Blogs,2009
768,SWR Plus,545000,437091725,1982,Entertainment,2012
769,Topic,545000,490168869,103,Music,2013
770,Artus Weichert,543000,119792300,906,Gaming,2016
771,hOlyhexOr,543000,465755141,12905,Film & Animation,2006
772,H-Matter,543000,125155096,272,Entertainment,2016
773,CHECKER WELT,543000,395962584,328,Education,2017
774,ManyShorts,540000,89168,71,Entertainment,2012
775,Tamilfact,539000,96608093,417,Entertainment,2014
776,Danny Jesden,538000,185988000,2557,People & Blogs,2018
777,OttoBulletproof,537000,52173288,254,People & Blogs,2020
778,Gute Rezepte,536000,118704833,372,,2020
779,Streamfrei,535000,121114546,539,Entertainment,2020
780,TheChrisTezzShow,535000,86410760,497,Entertainment,2010
781,Klengan,535000,206341643,1797,Entertainment,2012
782,Verspieltes Gnu,534000,129039926,794,Gaming,2019
783,Julius,534000,154686386,1345,Gaming,2016
784,Pandorya,533000,175939161,4249,Gaming,2011
785,Eko Fresh,530000,231733500,833,Entertainment,2009
786,querlyNoMusic,530000,102656634,435,Autos & Vehicles,2011
787,Kim Petras,529000,191230148,236,People & Blogs,2007
788,WackenTV,529000,175905527,2165,Entertainment,2013
789,Physik - simpleclub,529000,91934901,307,Education,2014
790,Kleinanzeigen WG,529000,351989969,466,Entertainment,2010
791,Lecker mit Anastasiya Zefirka,528000,109135622,703,Howto & Style,2020
792,Lets-Bastel,527000,136548809,549,Entertainment,2015
793,Matthias Berger,526000,204340204,1619,Howto & Style,2010
794,Automann-TV,525000,439610766,1383,Autos & Vehicles,2009
795,NPLAY,523000,332754142,5369,Gaming,2013
796,iKnowReview,523000,176416975,923,Science & Technology,2013
797,Kool Savas Official | Essah TV,522000,362078354,344,Entertainment,2009
798,SXTN,522000,237021131,24,Entertainment,2015
799,Derya √úrkmez,522000,170417229,27,Music,2016
800,TechZone,521000,217572792,1583,People & Blogs,2016
801,2WEI,519000,261882307,96,,2017
802,Der Dunkle Parabelritter,518000,98320795,944,Entertainment,2012
803,Bam Crew,518000,0,0,People & Blogs,2015
804,Show Maker,518000,131470389,326,People & Blogs,2014
805,Rebell Army,516000,279192000,82,Music,2019
806,Fiago,516000,478697697,540,,2019
807,Bastian,515000,91725532,498,Gaming,2016
808,Royal Update ‡∏Ç‡πà‡∏≤‡∏ß‡πÉ‡∏ô‡∏û‡∏£‡∏∞‡∏£‡∏≤‡∏ä‡∏™‡πç‡∏≤‡∏ô‡∏±‡∏Å,515000,174698203,2245,,2019
809,Einfaches Rezept,514000,95059204,486,People & Blogs,2020
810,KenFM,512000,410168,1,Entertainment,2012
811,Oskar Artem,511000,56816230,130,People & Blogs,2015
812,SiccasGuitars,511000,165842180,1886,Music,2012
813,Bundeswehr Exclusive,510000,193755437,563,People & Blogs,2016
814,Twins,510000,228168063,208,Entertainment,2016
815,Bebe Bebe,508000,136047612,1631,Film & Animation,2008
816,Satter Hugo,507000,109296889,151,Entertainment,2020
817,Luna F. Darko,507000,35120992,431,People & Blogs,2012
818,rechyyy,506000,197341538,2110,Gaming,2007
819,Techtastisch - Experimente und 3D Druck,506000,105018830,580,Science & Technology,2014
820,MrsWikie5,505000,66625195,496,Howto & Style,2011
821,Domo,505000,199032369,638,Entertainment,2018
822,KATJA KRASAVICE MUSIC,504000,281551062,39,Entertainment,2019
823,HamedLoco,503000,157323719,606,Gaming,2015
824,–õ—É—á—à–∏–µ –ó–∞—Ä—É–±–µ–∂–Ω—ã–µ –ë–æ–µ–≤–∏–∫–∏,502000,135661095,406,People & Blogs,2020
825,Game Two,502000,193862945,1020,Gaming,2016
826,BrokenThumbs,500000,0,0,Entertainment,2012
827,Achtung Kontrolle,500000,681508877,3738,Entertainment,2018
828,Falco,499000,46822916,244,Entertainment,2015
829,PJ Adventure - Paul Schridde,499000,89733330,398,Entertainment,2015
830,Cartoon Network Deutschland,498000,430621917,2502,Entertainment,2010
831,Rewigang,498000,149537065,1541,Gaming,2014
832,ZDF Satire,498000,405068806,1183,Entertainment,2011
833,Playmobil Deutsch,497000,429397817,875,Film & Animation,2006
834,MinecraftExpertDE,496000,79634575,1433,Gaming,2011
835,StrengGeheim,496000,81119420,249,Education,2013
836,Marius Angeschrien,495000,57139357,225,Entertainment,2014
837,Coach Stef,495000,94287488,765,Sports,2012
838,FiNCH,495000,256788421,165,Music,2014
839,Russak,495000,68746031,340,Entertainment,2014
840,XCageGame,494000,370838282,9129,Gaming,2014
841,DYMA,494000,396564210,915,Gaming,2019
842,TommyKay,494000,143670716,537,Gaming,2010
843,musicTap,493000,478710930,601,People & Blogs,2015
844,Naturens√∂hne,493000,84807214,489,People & Blogs,2015
845,Dennis Werth,492000,209614575,6621,Gaming,2009
846,Henry Hasselbach,491000,62685709,414,Howto & Style,2014
847,Tim Kellner,490000,42260176,170,People & Blogs,2015
848,4FRIENDS,489000,81117049,185,People & Blogs,2015
849,Zeo,489000,129155528,928,Entertainment,2013
850,NQRMAN,488000,72753665,319,Gaming,2013
851,HeracAy,488000,63455921,248,Entertainment,2015
852,Pocket Hazel,487000,108284610,471,Entertainment,2014
853,mathisox,487000,114484738,305,People & Blogs,2015
854,King Crimax,486000,108115554,740,Gaming,2019
855,Berliner Philharmoniker,486000,189943627,1275,Music,2009
856,EuroArtsChannel,484000,153101653,2136,Education,2009
857,CALLEkocht - Omas Rezepte,484000,125841273,626,Howto & Style,2014
858,Alexander Straub,484000,83603592,467,Entertainment,2011
859,Aloona Larionova,484000,37942365,145,Comedy,2015
860,Annikazion,482000,138358139,434,Entertainment,2014
861,Furdis,482000,126969860,568,Gaming,2010
862,Lukas Knopf,481000,104887230,789,Sports,2010
863,Matt Harnacke,481000,93072884,234,People & Blogs,2017
864,PhineasFifa,481000,91217543,654,Gaming,2013
865,DerHansus,480000,246988300,2138,Gaming,2011
866,Dhalucard,479000,395511941,19542,Gaming,2006
867,DREAM,478000,162808435,185,Entertainment,2016
868,Knuspertoast,478000,712987,2,Gaming,2011
869,der8auer,477000,104204237,945,Science & Technology,2006
870,Gizem Production,477000,352147064,43,People & Blogs,2012
871,Hensslers Schnelle Nummer,477000,113124398,735,Howto & Style,2012
872,ELoTRiX Playz,476000,19164035,115,Gaming,2011
873,Bibanator,476000,187857853,1610,Gaming,2006
874,Jodie Calussi,476000,71770953,480,People & Blogs,2014
875,Der √ñmsen,476000,87017503,408,Entertainment,2010
876,(Fe)MaleASMR,475000,204158092,396,Entertainment,2014
877,Lukas Rieger,475000,33282639,20,Entertainment,2014
878,ÿ£ÿ≥ÿ∑Ÿèÿ±,475000,126436084,1105,Education,2019
879,Family Fun,475000,350503293,962,Entertainment,2015
880,RedeFabrik - Kommunikation & Charisma,475000,57097941,707,People & Blogs,2016
881,DoktorFroid Reacts,474000,170610231,1676,People & Blogs,2010
882,CEL INA,473000,182070588,1449,Entertainment,2016
883,stern TV,473000,403910520,958,News & Politics,2015
884,Thomas kocht,473000,78189664,496,Howto & Style,2015
885,Hessischer Rundfunk,473000,384670294,7279,Entertainment,2008
886,Luisa Crashion,472000,85721681,420,Howto & Style,2012
887,PVP,472000,107026753,192,Entertainment,2014
888,Jo Jonas - Brawl Stars,472000,195671710,1138,Gaming,2020
889,Thomas M√ºller,471000,68851988,438,Sports,2016
890,flyinguweGaming,468000,90792728,964,Gaming,2015
891,Basteln,468000,122903319,281,Howto & Style,2012
892,FRAPZZ,467000,173996041,3951,Gaming,2013
893,Mego,467000,26917852,288,Gaming,2017
894,ÿßŸÑÿπÿ±ŸÖÿ±ŸÖ ÿßŸÑÿπŸàŸäŸÇŸÑ,466000,315841645,133,Entertainment,2017
895,Google Deutschland,466000,169024587,483,Science & Technology,2007
896,ItzJul Shorts,465000,605797636,986,People & Blogs,2021
897,simayproduction,465000,345371731,316,Music,2012
898,ÿØŸÜŸäÿß ŸÖÿ≠ŸÖÿØ Dunia Mohammed,465000,106938823,611,Entertainment,2015
899,GamingWithMelina,464640,30817264,59,Gaming,2014
900,Schliingeel,464000,463691517,697,Entertainment,2020
901,offen un' ehrlich,464000,133342236,285,People & Blogs,2016
902,Klaus grillt,463000,164132024,1485,Howto & Style,2011
903,RINGLIFE,463000,136551622,788,Sports,2018
904,Eure Videos Fahrn√ºnftig,462000,86444964,229,Autos & Vehicles,2019
905,TJ - Tim Jacken,462000,65638381,264,People & Blogs,2015
906,AdlerssonReview,460000,144404034,1608,Music,2013
907,Raja Meissner,460000,63933256,123,Music,2015
908,auto motor und sport,460000,294360767,3754,Autos & Vehicles,2007
909,KHV,460000,0,0,Entertainment,2018
910,Behdad TV,460000,191184778,93,Music,2015
911,Muggo,459000,196648124,1874,Howto & Style,2017
912,Fabio Sch√§fer,459000,69890655,621,Sports,2010
913,Robrox,457000,344480330,1423,Gaming,2020
914,MathemaTrick,457000,94282585,1122,Education,2014
915,Wailam,457000,81868019,248,Comedy,2015
916,DAZN FA Cup & Carabao Cup,456000,118832788,296,Sports,2017
917,RTL Talkshow,456000,625354780,6826,Entertainment,2013
918,Fixx,456000,100057673,2597,Gaming,2014
919,ninotakutv,455000,74000407,894,Film & Animation,2013
920,Sharivari,455000,78065458,206,Sports,2015
921,VDSIS - Von der Strasse ins Studio,455000,207778727,588,Nonprofits & Activism,2012
922,inselvideo,455000,232803929,962,Travel & Events,2010
923,XPI,455000,100503876,13,,2015
924,Fani Samri,454000,83477711,410,People & Blogs,2018
925,M√§rchen f√ºr Kinder - Gutenachtgeschichten,454000,279726705,640,Film & Animation,2016
926,SMOL German,454000,296263351,680,Howto & Style,2023
927,Execute,454000,305304920,318,Gaming,2012
928,Ascalter,454000,196535107,1871,Gaming,2011
929,BODY IP by Simon Teichmann,454000,116115396,1771,Sports,2010
930,JustBestGames,454000,117108067,2705,Gaming,2014
931,NurLive,452000,51679777,133,People & Blogs,2019
932,Thomas Sanladerer: Made with Layers,452000,76911674,541,Science & Technology,2013
933,Halle77 Dortmund,452000,222143845,825,Autos & Vehicles,2009
934,diefilmfabrik,451000,269730558,3498,Film & Animation,2012
935,latteartcity,451000,635796029,440,Howto & Style,2014
936,Alex Freerun,451000,448428033,1452,Entertainment,2018
937,Updoot Studios,451000,315129766,3408,Entertainment,2007
938,Fabian Baggeler,450000,320508088,411,Entertainment,2017
939,BluntedBeatz,450000,181811273,620,Music,2013
940,Arazhulino,450000,306743008,436,Gaming,2019
941,Get Germanized,450000,41427167,1345,Education,2009
942,Sarah Connor Official,450000,480246380,68,Music,2006
943,"LukasMusicRecords [Lukas, der Rapper]",449000,130330785,304,Entertainment,2012
944,Abdel,449000,52976775,273,Entertainment,2015
945,M539 Restorations,448000,77956667,122,Autos & Vehicles,2014
946,Logical Lemon,448000,34148612,75,Education,2017
947,Welt der Wunder,448000,152150684,395,Science & Technology,2006
948,Moritz Garth,448000,19430530,17,Entertainment,2013
949,SwagTab,448000,186554952,2006,Science & Technology,2012
950,ASMR Janina,447000,163276045,347,Entertainment,2017
951,Jasmin Gnu,447000,64753753,199,People & Blogs,2019
952,TOGGO,447000,169279189,992,Entertainment,2010
953,Helloween,446000,255025196,126,Music,2006
954,SAIFOND Officiel,445000,87969274,101,Music,2019
955,Candyland,445000,264954027,954,Gaming,2014
956,TobinatorLetsPlay,444000,196502837,11009,Gaming,2011
957,ILHAN BOZAN,444000,38650287,73,People & Blogs,2017
958,Petrit,444000,78368816,464,Gaming,2016
959,Katja & Mohammed I ŸÉÿßÿ™Ÿäÿß Ÿà ŸÖÿ≠ŸÖÿØ,443000,52884555,272,People & Blogs,2018
960,Aynurun yemek ve pasta tarifleri,442000,102711324,1555,Howto & Style,2015
961,Chabo,442000,100056637,671,Comedy,2021
962,1LIVE,442000,403621022,1626,Entertainment,2006
963,Nicole Don,441000,88548076,765,People & Blogs,2015
964,ZDFinfo Dokus & Reportagen,441000,119755901,274,News & Politics,2017
965,Ableton,441000,64440771,692,Music,2006
966,Beat-Club,441000,293735410,1627,,2009
967,Aktien mit Kopf,440000,160331370,2236,Education,2013
968,Phorx,440000,194270309,1229,Entertainment,2018
969,Beam,439000,210925292,6041,Gaming,2013
970,ÿßÿ®ŸÜ ÿ≤ŸàŸÖÿ®Ÿä ABN ZOMBIE,438000,47182282,178,Gaming,2016
971,BakeClub,437000,76875563,535,Howto & Style,2013
972,Rational Believer,437000,22828718,140,People & Blogs,2015
973,Patricia Herfort,437000,703888921,2377,Film & Animation,2013
974,Filmakademie Baden-W√ºrttemberg,437000,122144903,1041,Film & Animation,2013
975,Regina Hixt,437000,50718131,166,People & Blogs,2015
976,FloderFlo K-Pop,436000,108717422,1643,Entertainment,2017
977,Womens Division HD,433000,249873682,969,Sports,2014
978,IamTabak,433000,94712245,1270,Gaming,2013
979,Benjamin Jaworskyj,433000,73862913,724,Science & Technology,2009
980,FFF Kino,432000,295847934,785,Entertainment,2014
981,Cartoons f√ºr Kinder,432000,264874284,478,Film & Animation,2019
982,Lukas 712 Shorts,432000,320403404,580,Entertainment,2021
983,DRUCK - Die Serie,431000,152056820,460,Film & Animation,2018
984,61MinutenSex,431000,281463801,499,Education,2010
985,Saskias Family Blog,431000,121549653,716,Howto & Style,2012
986,Manni-Gaming,431000,191266694,2090,Gaming,2008
987,Exsl95,430000,61369262,420,Entertainment,2012
988,9:16 House,430000,636496364,1219,Entertainment,2021
989,MNcompsJR2,430000,54601673,66,People & Blogs,2015
990,Bibi Blocksberg TV,430000,141463102,588,Film & Animation,2010
991,SWR Doku,429000,221418041,638,People & Blogs,2019
992,SWR Handwerkskunst,429000,135223901,262,Howto & Style,2020
993,Portrait Painter Stefan Pabst,428000,56113556,221,Entertainment,2009
994,EnisaDesue,428000,35788188,179,Entertainment,2017
995,ÿÆŸàÿßÿ∑ÿ± ÿ£ŸÑŸÖÿßŸÜŸäÿ© -Khawater Almania,428000,80454274,1416,Entertainment,2015
996,Kisu,428000,65934333,647,Howto & Style,2011
997,DRIVESHOW,428000,2188949,11,Gaming,2011
998,Relax Night and Day - Beautiful Nature & Sounds,427000,136033041,578,Music,2012
999,Aljazeera Uz,427000,69172882,984,Nonprofits & Activism,2017
1000,Jounes Amiri,427000,69772731,313,People & Blogs,2015
